﻿<?xml version="1.0" encoding="utf-8"?>
<Test xmlns:xsi="http://www.w3.org/2001/XMLSchema-instance" xmlns:xsd="http://www.w3.org/2001/XMLSchema" Name="CreateTest" IsTestCase="false" TestCaseId="0" AutomatedTestId="a4958714-ca88-0faf-380c-878683202784">
  <Signatures>
    <Signature>344E2E7C289618E230A6549CE537F7244D98CA74</Signature>
    <Signature>AA03AADEABE0870A90B29FB6E0D656215843FD89</Signature>
    <Signature>6EAF62D71D6D3568A87D5ADA11DDE674A3B35CED</Signature>
    <Signature>74499BC8CCF6EBFF0A28808AE6AE4FF5CE451524</Signature>
    <Signature>965611DE8E13534FB8A4AED8A2A9C2C4A6EF124C</Signature>
    <Signature>B8657A9A73139D8A2DF1CC5D583D90058E3F4B98</Signature>
    <Signature>D007A3C3E1097C0AA1E4940326397087755B5E17</Signature>
    <Signature>443CA3668F28AF4EA924E135132D1FCB31217A5C</Signature>
    <Signature>7D3EDF81E48885ADCB7B153C6B24D45F22B1848C</Signature>
    <Signature>53E6CAA25B84277EAB845BC7255B151155C3DBD6</Signature>
    <Signature>E5B08A8918D007681ACC041B045D46DBDA582721</Signature>
    <Signature>251F684426169FADCC70AAC9575A687E507CB2DC</Signature>
    <Signature>C4BE519133F277FA7369E2646E609EA23FE08B5B</Signature>
    <Signature>8C4D873FB4E65C33B9CF5D2F612C86736D02E3F4</Signature>
    <Signature>648804EA7CBD4DB845299D30D6C890FDC87FDEA7</Signature>
    <Signature>164FD38551A01D386C9EAC2E2EAE19BA3C6CBA56</Signature>
    <Signature>6201DAB86C7E2F9996796B72ED2802B756D7BD0E</Signature>
    <Signature>AAF6E62257C233B10420C374967ABF185B4A0126</Signature>
  </Signatures>
</Test>